{
    "40": {
        "total_cost": [
            5620,
            10970,
            5668,
            5662,
            5626,
            5618,
            5632,
            5615,
            10976
        ],
        "runtime": [
            37.12079071998596,
            35.433465003967285,
            35.65278887748718,
            35.1536340713501,
            35.41487693786621,
            36.07043099403381,
            34.331262826919556,
            36.384337186813354,
            36.93659591674805,
            36.635114908218384,
            36.87380599975586,
            33.558659076690674,
            33.70097827911377,
            32.78236269950867,
            32.946054220199585,
            32.828248023986816,
            35.69859004020691,
            37.92683124542236,
            36.320573806762695,
            36.00340723991394,
            37.55052375793457,
            34.549925327301025,
            36.39081811904907,
            35.272019147872925,
            36.64474892616272,
            36.87605118751526,
            36.00836515426636,
            35.948463678359985,
            35.85164785385132,
            36.416396141052246,
            36.355937004089355
        ]
    },
    "43": {
        "total_cost": [
            11021,
            5666,
            5757,
            11108,
            5752,
            5713,
            5676,
            11069,
            11054,
            11095,
            5749,
            5674,
            5717,
            11024,
            11043,
            11106,
            5736,
            11017
        ],
        "runtime": [
            69.27211117744446,
            72.20901799201965,
            71.0680160522461,
            72.1649820804596,
            70.76505374908447,
            71.92466998100281,
            65.05890703201294,
            65.82479214668274,
            71.9103410243988,
            73.83760380744934,
            75.00610899925232,
            73.91569995880127,
            72.70717310905457,
            70.22909379005432,
            69.35024905204773,
            71.49681520462036,
            71.15333390235901,
            74.52821564674377,
            71.2315309047699
        ]
    },
    "42": {
        "total_cost": [
            5647,
            11064,
            5650,
            16350,
            5645,
            5736,
            5728,
            5651,
            5724,
            11004,
            5664,
            5688,
            16530
        ],
        "runtime": [
            54.135231018066406,
            57.43881106376648,
            55.44626307487488,
            55.610520124435425,
            56.80277466773987,
            57.33995604515076,
            58.322715759277344,
            58.924773931503296,
            58.4567391872406,
            57.350027084350586,
            59.042014837265015,
            58.88701295852661,
            60.01251411437988,
            59.22350192070007
        ]
    },
    "41": {
        "total_cost": [
            11135,
            5646,
            11070,
            5697,
            11006,
            11008,
            11110
        ],
        "runtime": [
            38.787091970443726,
            41.52035188674927,
            40.87111973762512,
            40.82929515838623,
            40.36784291267395,
            39.86299395561218,
            40.83316135406494,
            40.52845501899719,
            41.77669811248779
        ]
    },
    "37": {
        "total_cost": [
            382,
            286,
            321,
            384
        ],
        "runtime": [
            42.4992618560791,
            44.4599130153656,
            43.419504165649414,
            42.44113898277283,
            43.68881416320801
        ]
    },
    "36": {
        "total_cost": [
            338
        ],
        "runtime": [
            80.52133917808533
        ]
    },
    "34": {
        "total_cost": [
            380,
            302,
            300
        ],
        "runtime": [
            53.32652306556702,
            52.48128294944763,
            52.921894788742065,
            51.23498892784119
        ]
    },
    "33": {
        "total_cost": [
            337,
            324
        ],
        "runtime": [
            34.65173292160034,
            33.90367102622986
        ]
    },
    "32": {
        "total_cost": [
            293
        ],
        "runtime": [
            30.75971293449402
        ]
    },
    "31": {
        "total_cost": [
            364
        ],
        "runtime": [
            19.735036849975586
        ]
    },
    "30": {
        "total_cost": [
            364
        ],
        "runtime": [
            20.56884503364563
        ]
    },
    "29": {
        "total_cost": [
            338
        ],
        "runtime": [
            20.147825002670288
        ]
    },
    "28": {
        "total_cost": [
            336
        ],
        "runtime": [
            19.13333821296692
        ]
    },
    "27": {
        "total_cost": [
            336
        ],
        "runtime": [
            12.37647008895874
        ]
    },
    "26": {
        "total_cost": [
            274
        ],
        "runtime": [
            11.701897859573364
        ]
    },
    "25": {
        "total_cost": [
            314
        ],
        "runtime": [
            8.901386022567749
        ]
    },
    "23": {
        "total_cost": [
            262
        ],
        "runtime": [
            11.167135953903198
        ]
    },
    "22": {
        "total_cost": [
            244
        ],
        "runtime": [
            5.129400968551636
        ]
    },
    "21": {
        "total_cost": [
            252
        ],
        "runtime": [
            5.791510105133057
        ]
    },
    "20": {
        "total_cost": [
            244
        ],
        "runtime": [
            6.749302625656128
        ]
    },
    "19": {
        "total_cost": [
            166
        ],
        "runtime": [
            4.416138172149658
        ]
    },
    "18": {
        "total_cost": [
            110
        ],
        "runtime": [
            4.248172760009766
        ]
    },
    "17": {
        "total_cost": [
            142
        ],
        "runtime": [
            3.6467578411102295
        ]
    },
    "16": {
        "total_cost": [
            110
        ],
        "runtime": [
            3.8328750133514404
        ]
    },
    "15": {
        "total_cost": [
            94
        ],
        "runtime": [
            2.132525682449341
        ]
    },
    "14": {
        "total_cost": [
            94
        ],
        "runtime": [
            1.698268175125122
        ]
    },
    "13": {
        "total_cost": [
            94
        ],
        "runtime": [
            1.8303899765014648
        ]
    },
    "12": {
        "total_cost": [
            86
        ],
        "runtime": [
            1.2802090644836426
        ]
    },
    "11": {
        "total_cost": [
            106
        ],
        "runtime": [
            1.4422519207000732
        ]
    },
    "10": {
        "total_cost": [
            98
        ],
        "runtime": [
            1.6074719429016113
        ]
    },
    "9": {
        "total_cost": [
            98
        ],
        "runtime": [
            1.29066801071167
        ]
    },
    "8": {
        "total_cost": [
            78
        ],
        "runtime": [
            1.0606729984283447
        ]
    },
    "7": {
        "total_cost": [
            90
        ],
        "runtime": [
            0.5211749076843262
        ]
    },
    "6": {
        "total_cost": [
            78
        ],
        "runtime": [
            0.6810600757598877
        ]
    },
    "5": {
        "total_cost": [
            72
        ],
        "runtime": [
            0.26398587226867676
        ]
    },
    "4": {
        "total_cost": [
            62
        ],