{
    "34": {
        "total_cost": [
            257.0
        ],
        "runtime": [
            2.2667441368103027
        ]
    },
    "33": {
        "total_cost": [
            255.0
        ],
        "runtime": [
            1.6072497367858887
        ]
    },
    "32": {
        "total_cost": [
            255.0
        ],
        "runtime": [
            0.8377089500427246
        ]
    },
    "31": {
        "total_cost": [
            255.0
        ],
        "runtime": [
            0.8744440078735352
        ]
    },
    "30": {
        "total_cost": [
            255.0
        ],
        "runtime": [
            0.47200465202331543
        ]
    },
    "29": {
        "total_cost": [
            253.0
        ],
        "runtime": [
            0.5945179462432861
        ]
    },
    "28": {
        "total_cost": [
            253.0
        ],
        "runtime": [
            0.5709829330444336
        ]
    },
    "27": {
        "total_cost": [
            252.0
        ],
        "runtime": [
            0.4979078769683838
        ]
    },
    "26": {
        "total_cost": [
            248.0
        ],
        "runtime": [
            1.6498289108276367
        ]
    },
    "25": {
        "total_cost": [
            244.0
        ],
        "runtime": [
            1.1793699264526367
        ]
    },
    "24": {
        "total_cost": [
            244.0
        ],
        "runtime": [
            0.7728121280670166
        ]
    },
    "23": {
        "total_cost": [
            244.0
        ],
        "runtime": [
            0.42145204544067383
        ]
    },
    "22": {
        "total_cost": [
            244.0
        ],
        "runtime": [
            0.6064722537994385
        ]
    },
    "21": {
        "total_cost": [
            134.0
        ],
        "runtime": [
            0.2956809997558594
        ]
    },
    "20": {
        "total_cost": [
            134.0
        ],
        "runtime": [
            0.3106100559234619
        ]
    },
    "19": {
        "total_cost": [
            134.0
        ],
        "runtime": [
            0.2848799228668213
        ]
    },
    "18": {
        "total_cost": [
            110.0
        ],
        "runtime": [
            0.17331600189208984
        ]
    },
    "17": {
        "total_cost": [
            110.0
        ],
        "runtime": [
            0.13412809371948242
        ]
    },
    "16": {
        "total_cost": [
            110.0
        ],
        "runtime": [
            0.11615800857543945
        ]
    },
    "15": {
        "total_cost": [
            94.0
        ],
        "runtime": [
            0.11672210693359375
        ]
    },
    "14": {
        "total_cost": [
            94.0
        ],
        "runtime": [
            0.13487005233764648
        ]
    },
    "13": {
        "total_cost": [
            94.0
        ],
        "runtime": [
            0.08030819892883301
        ]
    },
    "12": {
        "total_cost": [
            86.0
        ],
        "runtime": [
            0.03929018974304199
        ]
    },
    "11": {
        "total_cost": [
            86.0
        ],
        "runtime": [
            0.026350021362304688
        ]
    },
    "10": {
        "total_cost": [
            86.0
        ],
        "runtime": [
            0.021513938903808594
        ]
    },
    "9": {
        "total_cost": [
            86.0
        ],
        "runtime": [
            0.015211105346679688
        ]
    },
    "8": {
        "total_cost": [
            78.0
        ],
        "runtime": [
            0.012869119644165039
        ]
    },
    "7": {
        "total_cost": [
            78.0
        ],
        "runtime": [
            0.010113000869750977
        ]
    },
    "6": {
        "total_cost": [
            78.0
        ],
        "runtime": [
            0.008923053741455078
        ]
    },
    "5": {
        "total_cost": [
            72.0
        ],
        "runtime": [
            0.009852886199951172
        ]
    },
    "4": {
        "total_cost": [
            62.0
        ],
        "runtime": [
            0.009212255477905273
        ]
    },
    "3": {
        "total_cost": [
            62.0
        ],
        "runtime": [
            0.007652759552001953
        ]
    },
    "2": {
        "total_cost": [
            62.0
        ],
        "runtime": [
            0.00793600082397461
        ]
    },
    "1": {
        "total_cost": [
            null
        ],
        "runtime": [
            0.007858037948608398
        ]
    }
}